{
    "$schema": "https://schema.management.azure.com/schemas/2019-04-01/deploymentTemplate.json#",
    "contentVersion": "1.0.0.0",
    "parameters": {
        "sites_sgtd2weuafafinopscomm001_name": {
            "defaultValue": "sgtd2weuafafinopscomm001",
            "type": "String"
        },
        "serverfarms_sgtd2weuaspfinopscomm001_externalid": {
            "defaultValue": "/subscriptions/ebac6c00-3c2f-4d56-82c0-8057225d44fa/resourceGroups/sgtd2weursgfinopscomm001/providers/Microsoft.Web/serverfarms/sgtd2weuaspfinopscomm001",
            "type": "String"
        },
        "virtualNetworks_sgtd2weuvntplatfoglob001_externalid": {
            "defaultValue": "/subscriptions/ebac6c00-3c2f-4d56-82c0-8057225d44fa/resourceGroups/sgtd2weursgplatfoglob001/providers/Microsoft.Network/virtualNetworks/sgtd2weuvntplatfoglob001",
            "type": "String"
        }
    },
    "variables": {},
    "resources": [
        {
            "type": "Microsoft.Web/sites",
            "apiVersion": "2022-03-01",
            "name": "[parameters('sites_sgtd2weuafafinopscomm001_name')]",
            "location": "West Europe",
            "tags": {
                "channel": "Intranet",
                "cia": "BLL",
                "cost_center": "CC-FINOPS",
                "description": "Azure resource for Workload: finops",
                "product": "Azure resource for Workload: FINOPS",
                "tracking_code": "FINOPS"
            },
            "kind": "functionapp,linux",
            "identity": {
                "type": "SystemAssigned"
            },
            "properties": {
                "enabled": true,
                "hostNameSslStates": [
                    {
                        "name": "[concat(parameters('sites_sgtd2weuafafinopscomm001_name'), '.azurewebsites.net')]",
                        "sslState": "Disabled",
                        "hostType": "Standard"
                    },
                    {
                        "name": "[concat(parameters('sites_sgtd2weuafafinopscomm001_name'), '.scm.azurewebsites.net')]",
                        "sslState": "Disabled",
                        "hostType": "Repository"
                    }
                ],
                "serverFarmId": "[parameters('serverfarms_sgtd2weuaspfinopscomm001_externalid')]",
                "reserved": true,
                "isXenon": false,
                "hyperV": false,
                "vnetRouteAllEnabled": true,
                "vnetImagePullEnabled": false,
                "vnetContentShareEnabled": false,
                "siteConfig": {
                    "numberOfWorkers": 1,
                    "acrUseManagedIdentityCreds": false,
                    "alwaysOn": false,
                    "http20Enabled": false,
                    "functionAppScaleLimit": 0,
                    "minimumElasticInstanceCount": 1
                },
                "scmSiteAlsoStopped": false,
                "clientAffinityEnabled": false,
                "clientCertEnabled": false,
                "clientCertMode": "Required",
                "hostNamesDisabled": false,
                "customDomainVerificationId": "1656E3DE87346E29269E1A799CC58F608DB0CCAAFF82DE2E2A60ADDAF230DE67",
                "containerSize": 1536,
                "dailyMemoryTimeQuota": 0,
                "httpsOnly": true,
                "redundancyMode": "None",
                "storageAccountRequired": false,
                "virtualNetworkSubnetId": "[concat(parameters('virtualNetworks_sgtd2weuvntplatfoglob001_externalid'), '/subnets/sgtd2weuvntplatfoglob001-snt39')]",
                "keyVaultReferenceIdentity": "SystemAssigned"
            }
        },
        {
            "type": "Microsoft.Web/sites/basicPublishingCredentialsPolicies",
            "apiVersion": "2022-03-01",
            "name": "[concat(parameters('sites_sgtd2weuafafinopscomm001_name'), '/ftp')]",
            "location": "West Europe",
            "dependsOn": [
                "[resourceId('Microsoft.Web/sites', parameters('sites_sgtd2weuafafinopscomm001_name'))]"
            ],
            "tags": {
                "channel": "Intranet",
                "cia": "BLL",
                "cost_center": "CC-FINOPS",
                "description": "Azure resource for Workload: finops",
                "product": "Azure resource for Workload: FINOPS",
                "tracking_code": "FINOPS"
            },
            "properties": {
                "allow": true
            }
        },
        {
            "type": "Microsoft.Web/sites/basicPublishingCredentialsPolicies",
            "apiVersion": "2022-03-01",
            "name": "[concat(parameters('sites_sgtd2weuafafinopscomm001_name'), '/scm')]",
            "location": "West Europe",
            "dependsOn": [
                "[resourceId('Microsoft.Web/sites', parameters('sites_sgtd2weuafafinopscomm001_name'))]"
            ],
            "tags": {
                "channel": "Intranet",
                "cia": "BLL",
                "cost_center": "CC-FINOPS",
                "description": "Azure resource for Workload: finops",
                "product": "Azure resource for Workload: FINOPS",
                "tracking_code": "FINOPS"
            },
            "properties": {
                "allow": true
            }
        },
        {
            "type": "Microsoft.Web/sites/config",
            "apiVersion": "2022-03-01",
            "name": "[concat(parameters('sites_sgtd2weuafafinopscomm001_name'), '/web')]",
            "location": "West Europe",
            "dependsOn": [
                "[resourceId('Microsoft.Web/sites', parameters('sites_sgtd2weuafafinopscomm001_name'))]"
            ],
            "tags": {
                "channel": "Intranet",
                "cia": "BLL",
                "cost_center": "CC-FINOPS",
                "description": "Azure resource for Workload: finops",
                "product": "Azure resource for Workload: FINOPS",
                "tracking_code": "FINOPS"
            },
            "properties": {
                "numberOfWorkers": 1,
                "defaultDocuments": [
                    "Default.htm",
                    "Default.html",
                    "Default.asp",
                    "index.htm",
                    "index.html",
                    "iisstart.htm",
                    "default.aspx",
                    "index.php"
                ],
                "netFrameworkVersion": "v6.0",
                "requestTracingEnabled": false,
                "remoteDebuggingEnabled": false,
                "httpLoggingEnabled": false,
                "acrUseManagedIdentityCreds": false,
                "logsDirectorySizeLimit": 35,
                "detailedErrorLoggingEnabled": false,
                "publishingUsername": "$sgtd2weuafafinopscomm001",
                "scmType": "None",
                "use32BitWorkerProcess": false,
                "webSocketsEnabled": false,
                "alwaysOn": false,
                "managedPipelineMode": "Integrated",
                "virtualApplications": [
                    {
                        "virtualPath": "/",
                        "physicalPath": "site\\wwwroot",
                        "preloadEnabled": false
                    }
                ],
                "loadBalancing": "LeastRequests",
                "experiments": {
                    "rampUpRules": []
                },
                "autoHealEnabled": false,
                "vnetName": "8193b848-562e-42f4-829e-f6dbf90663fd_sgtd2weuvntplatfoglob001-snt39",
                "vnetRouteAllEnabled": true,
                "vnetPrivatePortsCount": 0,
                "cors": {
                    "allowedOrigins": [],
                    "supportCredentials": false
                },
                "localMySqlEnabled": false,
                "managedServiceIdentityId": 7571,
                "ipSecurityRestrictions": [
                    {
                        "ipAddress": "0.0.0.0/0",
                        "action": "Deny",
                        "tag": "Default",
                        "priority": 2147483647,
                        "name": "Deny all",
                        "headers": {
                            "x-fd-healthprobe": [
                                "1"
                            ]
                        }
                    },
                    {
                        "ipAddress": "Any",
                        "action": "Deny",
                        "priority": 2147483647,
                        "name": "Deny all",
                        "description": "Deny all access"
                    }
                ],
                "scmIpSecurityRestrictions": [
                    {
                        "ipAddress": "Any",
                        "action": "Allow",
                        "priority": 2147483647,
                        "name": "Allow all",
                        "description": "Allow all access"
                    }
                ],
                "scmIpSecurityRestrictionsUseMain": false,
                "http20Enabled": false,
                "minTlsVersion": "1.2",
                "scmMinTlsVersion": "1.2",
                "ftpsState": "Disabled",
                "preWarmedInstanceCount": 1,
                "functionAppScaleLimit": 0,
                "functionsRuntimeScaleMonitoringEnabled": true,
                "minimumElasticInstanceCount": 1,
                "azureStorageAccounts": {}
            }
        },
        {
            "type": "Microsoft.Web/sites/deployments",
            "apiVersion": "2022-03-01",
            "name": "[concat(parameters('sites_sgtd2weuafafinopscomm001_name'), '/0cc03b5c-510c-416c-8c92-882f068f5422')]",
            "location": "West Europe",
            "dependsOn": [
                "[resourceId('Microsoft.Web/sites', parameters('sites_sgtd2weuafafinopscomm001_name'))]"
            ],
            "properties": {
                "status": 4,
                "author_email": "N/A",
                "author": "N/A",
                "deployer": "Push-Deployer",
                "message": "Created via a push deployment",
                "start_time": "2022-09-30T11:53:36.3492805Z",
                "end_time": "2022-09-30T11:53:42.3427499Z",
                "active": false
            }
        },
        {
            "type": "Microsoft.Web/sites/deployments",
            "apiVersion": "2022-03-01",
            "name": "[concat(parameters('sites_sgtd2weuafafinopscomm001_name'), '/15c852b9-97bd-4e4d-a3ae-3a3a5ca40669')]",
            "location": "West Europe",
            "dependsOn": [
                "[resourceId('Microsoft.Web/sites', parameters('sites_sgtd2weuafafinopscomm001_name'))]"
            ],
            "properties": {
                "status": 4,
                "author_email": "N/A",
                "author": "N/A",
                "deployer": "Push-Deployer",
                "message": "Created via a push deployment",
                "start_time": "2022-09-30T08:31:09.690805Z",
                "end_time": "2022-09-30T08:31:17.7602558Z",
                "active": false
            }
        },
        {
            "type": "Microsoft.Web/sites/deployments",
            "apiVersion": "2022-03-01",
            "name": "[concat(parameters('sites_sgtd2weuafafinopscomm001_name'), '/1b75a949-ee61-452d-8b96-bbbda0de2ca7')]",
            "location": "West Europe",
            "dependsOn": [
                "[resourceId('Microsoft.Web/sites', parameters('sites_sgtd2weuafafinopscomm001_name'))]"
            ],
            "properties": {
                "status": 4,
                "author_email": "N/A",
                "author": "N/A",
                "deployer": "Push-Deployer",
                "message": "Created via a push deployment",
                "start_time": "2022-09-29T09:45:13.5572362Z",
                "end_time": "2022-09-29T09:45:21.7063672Z",
                "active": false
            }
        },
        {
            "type": "Microsoft.Web/sites/deployments",
            "apiVersion": "2022-03-01",
            "name": "[concat(parameters('sites_sgtd2weuafafinopscomm001_name'), '/2cc779b9-45ab-4bad-a75c-c292444bc5f4')]",
            "location": "West Europe",
            "dependsOn": [
                "[resourceId('Microsoft.Web/sites', parameters('sites_sgtd2weuafafinopscomm001_name'))]"
            ],
            "properties": {
                "status": 4,
                "author_email": "N/A",
                "author": "N/A",
                "deployer": "Push-Deployer",
                "message": "Created via a push deployment",
                "start_time": "2022-09-30T11:40:28.701204Z",
                "end_time": "2022-09-30T11:40:35.0880586Z",
                "active": false
            }
        },
        {
            "type": "Microsoft.Web/sites/deployments",
            "apiVersion": "2022-03-01",
            "name": "[concat(parameters('sites_sgtd2weuafafinopscomm001_name'), '/9df39c91-26b9-4340-a302-846a2ae46234')]",
            "location": "West Europe",
            "dependsOn": [
                "[resourceId('Microsoft.Web/sites', parameters('sites_sgtd2weuafafinopscomm001_name'))]"
            ],
            "properties": {
                "status": 4,
                "author_email": "N/A",
                "author": "N/A",
                "deployer": "Push-Deployer",
                "message": "Created via a push deployment",
                "start_time": "2022-09-30T12:19:32.0159325Z",
                "end_time": "2022-09-30T12:19:37.3485142Z",
                "active": false
            }
        },
        {
            "type": "Microsoft.Web/sites/deployments",
            "apiVersion": "2022-03-01",
            "name": "[concat(parameters('sites_sgtd2weuafafinopscomm001_name'), '/a7109d8a-6398-45dc-a65e-021493a6c515')]",
            "location": "West Europe",
            "dependsOn": [
                "[resourceId('Microsoft.Web/sites', parameters('sites_sgtd2weuafafinopscomm001_name'))]"
            ],
            "properties": {
                "status": 4,
                "author_email": "N/A",
                "author": "N/A",
                "deployer": "Push-Deployer",
                "message": "Created via a push deployment",
                "start_time": "2022-10-03T09:36:00.9581126Z",
                "end_time": "2022-10-03T09:36:05.9487021Z",
                "active": false
            }
        },
        {
            "type": "Microsoft.Web/sites/deployments",
            "apiVersion": "2022-03-01",
            "name": "[concat(parameters('sites_sgtd2weuafafinopscomm001_name'), '/bbfcdb10-a5b1-4c0f-a80a-c6fadb6b947d')]",
            "location": "West Europe",
            "dependsOn": [
                "[resourceId('Microsoft.Web/sites', parameters('sites_sgtd2weuafafinopscomm001_name'))]"
            ],
            "properties": {
                "status": 4,
                "author_email": "N/A",
                "author": "N/A",
                "deployer": "Push-Deployer",
                "message": "Created via a push deployment",
                "start_time": "2022-10-03T09:48:54.2319761Z",
                "end_time": "2022-10-03T09:48:59.5450709Z",
                "active": false
            }
        },
        {
            "type": "Microsoft.Web/sites/deployments",
            "apiVersion": "2022-03-01",
            "name": "[concat(parameters('sites_sgtd2weuafafinopscomm001_name'), '/d56de095-ccb2-4696-89c3-6a8b57226184')]",
            "location": "West Europe",
            "dependsOn": [
                "[resourceId('Microsoft.Web/sites', parameters('sites_sgtd2weuafafinopscomm001_name'))]"
            ],
            "properties": {
                "status": 4,
                "author_email": "N/A",
                "author": "N/A",
                "deployer": "Push-Deployer",
                "message": "Created via a push deployment",
                "start_time": "2022-09-30T08:14:01.8155705Z",
                "end_time": "2022-09-30T08:14:06.9537211Z",
                "active": false
            }
        },
        {
            "type": "Microsoft.Web/sites/deployments",
            "apiVersion": "2022-03-01",
            "name": "[concat(parameters('sites_sgtd2weuafafinopscomm001_name'), '/d5953aad-faf8-4855-a1ef-9d76fc1cd334')]",
            "location": "West Europe",
            "dependsOn": [
                "[resourceId('Microsoft.Web/sites', parameters('sites_sgtd2weuafafinopscomm001_name'))]"
            ],
            "properties": {
                "status": 4,
                "author_email": "N/A",
                "author": "N/A",
                "deployer": "Push-Deployer",
                "message": "Created via a push deployment",
                "start_time": "2022-09-29T14:01:08.1853724Z",
                "end_time": "2022-09-29T14:01:16.4917432Z",
                "active": false
            }
        },
        {
            "type": "Microsoft.Web/sites/deployments",
            "apiVersion": "2022-03-01",
            "name": "[concat(parameters('sites_sgtd2weuafafinopscomm001_name'), '/e688275c-5478-453e-baf3-b1f32284e6c1')]",
            "location": "West Europe",
            "dependsOn": [
                "[resourceId('Microsoft.Web/sites', parameters('sites_sgtd2weuafafinopscomm001_name'))]"
            ],
            "properties": {
                "status": 4,
                "author_email": "N/A",
                "author": "N/A",
                "deployer": "Push-Deployer",
                "message": "Created via a push deployment",
                "start_time": "2022-10-03T10:38:58.0740132Z",
                "end_time": "2022-10-03T10:39:03.0632229Z",
                "active": true
            }
        },
        {
            "type": "Microsoft.Web/sites/functions",
            "apiVersion": "2022-03-01",
            "name": "[concat(parameters('sites_sgtd2weuafafinopscomm001_name'), '/btCPUUsageCsvToLog')]",
            "location": "West Europe",
            "dependsOn": [
                "[resourceId('Microsoft.Web/sites', parameters('sites_sgtd2weuafafinopscomm001_name'))]"
            ],
            "properties": {
                "script_root_path_href": "https://sgtd2weuafafinopscomm001.azurewebsites.net/admin/vfs/home/site/wwwroot/btCPUUsageCsvToLog/",
                "script_href": "https://sgtd2weuafafinopscomm001.azurewebsites.net/admin/vfs/home/site/wwwroot/btCPUUsageCsvToLog/run.csx",
                "config_href": "https://sgtd2weuafafinopscomm001.azurewebsites.net/admin/vfs/home/site/wwwroot/btCPUUsageCsvToLog/function.json",
                "test_data_href": "https://sgtd2weuafafinopscomm001.azurewebsites.net/admin/vfs/home/data/Functions/sampledata/btCPUUsageCsvToLog.dat",
                "href": "https://sgtd2weuafafinopscomm001.azurewebsites.net/admin/functions/btCPUUsageCsvToLog",
                "config": {},
                "language": "CSharp",
                "isDisabled": false
            }
        },
        {
            "type": "Microsoft.Web/sites/functions",
            "apiVersion": "2022-03-01",
            "name": "[concat(parameters('sites_sgtd2weuafafinopscomm001_name'), '/btCsvToLogAnalytics')]",
            "location": "West Europe",
            "dependsOn": [
                "[resourceId('Microsoft.Web/sites', parameters('sites_sgtd2weuafafinopscomm001_name'))]"
            ],
            "properties": {
                "script_root_path_href": "https://sgtd2weuafafinopscomm001.azurewebsites.net/admin/vfs/home/site/wwwroot/btCsvToLogAnalytics/",
                "script_href": "https://sgtd2weuafafinopscomm001.azurewebsites.net/admin/vfs/home/site/wwwroot/btCsvToLogAnalytics/run.csx",
                "config_href": "https://sgtd2weuafafinopscomm001.azurewebsites.net/admin/vfs/home/site/wwwroot/btCsvToLogAnalytics/function.json",
                "test_data_href": "https://sgtd2weuafafinopscomm001.azurewebsites.net/admin/vfs/home/data/Functions/sampledata/btCsvToLogAnalytics.dat",
                "href": "https://sgtd2weuafafinopscomm001.azurewebsites.net/admin/functions/btCsvToLogAnalytics",
                "config": {},
                "language": "CSharp",
                "isDisabled": false
            }
        },
        {
            "type": "Microsoft.Web/sites/functions",
            "apiVersion": "2022-03-01",
            "name": "[concat(parameters('sites_sgtd2weuafafinopscomm001_name'), '/btDiskUsageCsvToLog')]",
            "location": "West Europe",
            "dependsOn": [
                "[resourceId('Microsoft.Web/sites', parameters('sites_sgtd2weuafafinopscomm001_name'))]"
            ],
            "properties": {
                "script_root_path_href": "https://sgtd2weuafafinopscomm001.azurewebsites.net/admin/vfs/home/site/wwwroot/btDiskUsageCsvToLog/",
                "script_href": "https://sgtd2weuafafinopscomm001.azurewebsites.net/admin/vfs/home/site/wwwroot/btDiskUsageCsvToLog/run.csx",
                "config_href": "https://sgtd2weuafafinopscomm001.azurewebsites.net/admin/vfs/home/site/wwwroot/btDiskUsageCsvToLog/function.json",
                "test_data_href": "https://sgtd2weuafafinopscomm001.azurewebsites.net/admin/vfs/home/data/Functions/sampledata/btDiskUsageCsvToLog.dat",
                "href": "https://sgtd2weuafafinopscomm001.azurewebsites.net/admin/functions/btDiskUsageCsvToLog",
                "config": {},
                "language": "CSharp",
                "isDisabled": false
            }
        },
        {
            "type": "Microsoft.Web/sites/functions",
            "apiVersion": "2022-03-01",
            "name": "[concat(parameters('sites_sgtd2weuafafinopscomm001_name'), '/btInstanceFlexToLog')]",
            "location": "West Europe",
            "dependsOn": [
                "[resourceId('Microsoft.Web/sites', parameters('sites_sgtd2weuafafinopscomm001_name'))]"
            ],
            "properties": {
                "script_root_path_href": "https://sgtd2weuafafinopscomm001.azurewebsites.net/admin/vfs/home/site/wwwroot/btInstanceFlexToLog/",
                "script_href": "https://sgtd2weuafafinopscomm001.azurewebsites.net/admin/vfs/home/site/wwwroot/btInstanceFlexToLog/run.csx",
                "config_href": "https://sgtd2weuafafinopscomm001.azurewebsites.net/admin/vfs/home/site/wwwroot/btInstanceFlexToLog/function.json",
                "test_data_href": "https://sgtd2weuafafinopscomm001.azurewebsites.net/admin/vfs/home/data/Functions/sampledata/btInstanceFlexToLog.dat",
                "href": "https://sgtd2weuafafinopscomm001.azurewebsites.net/admin/functions/btInstanceFlexToLog",
                "config": {},
                "language": "CSharp",
                "isDisabled": false
            }
        },
        {
            "type": "Microsoft.Web/sites/functions",
            "apiVersion": "2022-03-01",
            "name": "[concat(parameters('sites_sgtd2weuafafinopscomm001_name'), '/btReservationsToLog')]",
            "location": "West Europe",
            "dependsOn": [
                "[resourceId('Microsoft.Web/sites', parameters('sites_sgtd2weuafafinopscomm001_name'))]"
            ],
            "properties": {
                "script_root_path_href": "https://sgtd2weuafafinopscomm001.azurewebsites.net/admin/vfs/home/site/wwwroot/btReservationsToLog/",
                "script_href": "https://sgtd2weuafafinopscomm001.azurewebsites.net/admin/vfs/home/site/wwwroot/btReservationsToLog/run.csx",
                "config_href": "https://sgtd2weuafafinopscomm001.azurewebsites.net/admin/vfs/home/site/wwwroot/btReservationsToLog/function.json",
                "test_data_href": "https://sgtd2weuafafinopscomm001.azurewebsites.net/admin/vfs/home/data/Functions/sampledata/btReservationsToLog.dat",
                "href": "https://sgtd2weuafafinopscomm001.azurewebsites.net/admin/functions/btReservationsToLog",
                "config": {},
                "language": "CSharp",
                "isDisabled": false
            }
        },
        {
            "type": "Microsoft.Web/sites/functions",
            "apiVersion": "2022-03-01",
            "name": "[concat(parameters('sites_sgtd2weuafafinopscomm001_name'), '/btVMpropertiesRegionToLog')]",
            "location": "West Europe",
            "dependsOn": [
                "[resourceId('Microsoft.Web/sites', parameters('sites_sgtd2weuafafinopscomm001_name'))]"
            ],
            "properties": {
                "script_root_path_href": "https://sgtd2weuafafinopscomm001.azurewebsites.net/admin/vfs/home/site/wwwroot/btVMpropertiesRegionToLog/",
                "script_href": "https://sgtd2weuafafinopscomm001.azurewebsites.net/admin/vfs/home/site/wwwroot/btVMpropertiesRegionToLog/run.csx",
                "config_href": "https://sgtd2weuafafinopscomm001.azurewebsites.net/admin/vfs/home/site/wwwroot/btVMpropertiesRegionToLog/function.json",
                "test_data_href": "https://sgtd2weuafafinopscomm001.azurewebsites.net/admin/vfs/home/data/Functions/sampledata/btVMpropertiesRegionToLog.dat",
                "href": "https://sgtd2weuafafinopscomm001.azurewebsites.net/admin/functions/btVMpropertiesRegionToLog",
                "config": {},
                "language": "CSharp",
                "isDisabled": false
            }
        },
        {
            "type": "Microsoft.Web/sites/functions",
            "apiVersion": "2022-03-01",
            "name": "[concat(parameters('sites_sgtd2weuafafinopscomm001_name'), '/btVMPropertiesToLog')]",
            "location": "West Europe",
            "dependsOn": [
                "[resourceId('Microsoft.Web/sites', parameters('sites_sgtd2weuafafinopscomm001_name'))]"
            ],
            "properties": {
                "script_root_path_href": "https://sgtd2weuafafinopscomm001.azurewebsites.net/admin/vfs/home/site/wwwroot/btVMPropertiesToLog/",
                "script_href": "https://sgtd2weuafafinopscomm001.azurewebsites.net/admin/vfs/home/site/wwwroot/btVMPropertiesToLog/run.csx",
                "config_href": "https://sgtd2weuafafinopscomm001.azurewebsites.net/admin/vfs/home/site/wwwroot/btVMPropertiesToLog/function.json",
                "test_data_href": "https://sgtd2weuafafinopscomm001.azurewebsites.net/admin/vfs/home/data/Functions/sampledata/btVMPropertiesToLog.dat",
                "href": "https://sgtd2weuafafinopscomm001.azurewebsites.net/admin/functions/btVMPropertiesToLog",
                "config": {},
                "language": "CSharp",
                "isDisabled": false
            }
        },
        {
            "type": "Microsoft.Web/sites/hostNameBindings",
            "apiVersion": "2022-03-01",
            "name": "[concat(parameters('sites_sgtd2weuafafinopscomm001_name'), '/', parameters('sites_sgtd2weuafafinopscomm001_name'), '.azurewebsites.net')]",
            "location": "West Europe",
            "dependsOn": [
                "[resourceId('Microsoft.Web/sites', parameters('sites_sgtd2weuafafinopscomm001_name'))]"
            ],
            "properties": {
                "siteName": "sgtd2weuafafinopscomm001",
                "hostNameType": "Verified"
            }
        },
        {
            "type": "Microsoft.Web/sites/privateEndpointConnections",
            "apiVersion": "2022-03-01",
            "name": "[concat(parameters('sites_sgtd2weuafafinopscomm001_name'), '/', parameters('sites_sgtd2weuafafinopscomm001_name'), '-ple01-f1ddccfc-4744-461c-87f7-122f6fc85618')]",
            "location": "West Europe",
            "dependsOn": [
                "[resourceId('Microsoft.Web/sites', parameters('sites_sgtd2weuafafinopscomm001_name'))]"
            ],
            "properties": {
                "privateLinkServiceConnectionState": {
                    "status": "Approved",
                    "actionsRequired": "None"
                }
            }
        },
        {
            "type": "Microsoft.Web/sites/virtualNetworkConnections",
            "apiVersion": "2022-03-01",
            "name": "[concat(parameters('sites_sgtd2weuafafinopscomm001_name'), '/8193b848-562e-42f4-829e-f6dbf90663fd_sgtd2weuvntplatfoglob001-snt39')]",
            "location": "West Europe",
            "dependsOn": [
                "[resourceId('Microsoft.Web/sites', parameters('sites_sgtd2weuafafinopscomm001_name'))]"
            ],
            "properties": {
                "vnetResourceId": "[concat(parameters('virtualNetworks_sgtd2weuvntplatfoglob001_externalid'), '/subnets/sgtd2weuvntplatfoglob001-snt39')]",
                "isSwift": true
            }
        }
    ]
}